Year,Units,Material category,Observation status,Unit multiplier,Unit measure,Value
2008,Material footprint (Million metric tonnes),,Undefined,Units,Million metric tonnes,847.1514
2009,Material footprint (Million metric tonnes),,Undefined,Units,Million metric tonnes,713.705
2010,Material footprint (Million metric tonnes),,Undefined,Units,Million metric tonnes,726.587
2011,Material footprint (Million metric tonnes),,Undefined,Units,Million metric tonnes,719.7539
2012,Material footprint (Million metric tonnes),,Undefined,Units,Million metric tonnes,681.1585
2013,Material footprint (Million metric tonnes),,Undefined,Units,Million metric tonnes,765.9803
2014,Material footprint (Million metric tonnes),,Undefined,Units,Million metric tonnes,769.8665
2015,Material footprint (Million metric tonnes),,Undefined,Units,Million metric tonnes,780.2706999999998
2016,Material footprint (Million metric tonnes),,Undefined,Units,Million metric tonnes,729.2763
2017,Material footprint (Million metric tonnes),,Undefined,Units,Million metric tonnes,736.3359
2008,Material footprint per capita (Tonnes),,Undefined,Units,Material footprint per capita (Tonnes),13.7
2009,Material footprint per capita (Tonnes),,Undefined,Units,Material footprint per capita (Tonnes),11.5
2010,Material footprint per capita (Tonnes),,Undefined,Units,Material footprint per capita (Tonnes),11.6
2011,Material footprint per capita (Tonnes),,Undefined,Units,Material footprint per capita (Tonnes),11.4
2012,Material footprint per capita (Tonnes),,Undefined,Units,Material footprint per capita (Tonnes),10.7
2013,Material footprint per capita (Tonnes),,Undefined,Units,Material footprint per capita (Tonnes),11.9
2014,Material footprint per capita (Tonnes),,Undefined,Units,Material footprint per capita (Tonnes),11.9
2015,Material footprint per capita (Tonnes),,Undefined,Units,Material footprint per capita (Tonnes),12.0
2016,Material footprint per capita (Tonnes),,Undefined,Units,Material footprint per capita (Tonnes),11.1
2017,Material footprint per capita (Tonnes),,Undefined,Units,Material footprint per capita (Tonnes),11.1
2008,Material footprint per GDP (Tonnes per £m),,Undefined,Units,Tonnes of Material Footprint per GDP (£m),467.0
2009,Material footprint per GDP (Tonnes per £m),,Undefined,Units,Tonnes of Material Footprint per GDP (£m),393.0
2010,Material footprint per GDP (Tonnes per £m),,Undefined,Units,Tonnes of Material Footprint per GDP (£m),400.0
2011,Material footprint per GDP (Tonnes per £m),,Undefined,Units,Tonnes of Material Footprint per GDP (£m),397.0
2012,Material footprint per GDP (Tonnes per £m),,Undefined,Units,Tonnes of Material Footprint per GDP (£m),375.0
2013,Material footprint per GDP (Tonnes per £m),,Undefined,Units,Tonnes of Material Footprint per GDP (£m),422.0
2014,Material footprint per GDP (Tonnes per £m),,Undefined,Units,Tonnes of Material Footprint per GDP (£m),424.0
2015,Material footprint per GDP (Tonnes per £m),,Undefined,Units,Tonnes of Material Footprint per GDP (£m),430.0
2016,Material footprint per GDP (Tonnes per £m),,Undefined,Units,Tonnes of Material Footprint per GDP (£m),402.0
2017,Material footprint per GDP (Tonnes per £m),,Undefined,Units,Tonnes of Material Footprint per GDP (£m),406.0
2008,Material footprint (Million metric tonnes),Biomass,Undefined,Units,Million metric tonnes,198.2213
2009,Material footprint (Million metric tonnes),Biomass,Undefined,Units,Million metric tonnes,189.0115
2010,Material footprint (Million metric tonnes),Biomass,Undefined,Units,Million metric tonnes,186.5766
2011,Material footprint (Million metric tonnes),Biomass,Undefined,Units,Million metric tonnes,190.8936
2012,Material footprint (Million metric tonnes),Biomass,Undefined,Units,Million metric tonnes,183.9892
2013,Material footprint (Million metric tonnes),Biomass,Undefined,Units,Million metric tonnes,193.6239
2014,Material footprint (Million metric tonnes),Biomass,Undefined,Units,Million metric tonnes,207.4374
2015,Material footprint (Million metric tonnes),Biomass,Undefined,Units,Million metric tonnes,206.3617
2016,Material footprint (Million metric tonnes),Biomass,Undefined,Units,Million metric tonnes,193.3899
2017,Material footprint (Million metric tonnes),Biomass,Undefined,Units,Million metric tonnes,213.28400000000002
2008,Material footprint (Million metric tonnes),Metal ores excluding precious metals,Undefined,Units,Million metric tonnes,83.9489
2009,Material footprint (Million metric tonnes),Metal ores excluding precious metals,Undefined,Units,Million metric tonnes,43.3942
2010,Material footprint (Million metric tonnes),Metal ores excluding precious metals,Undefined,Units,Million metric tonnes,68.11330000000001
2011,Material footprint (Million metric tonnes),Metal ores excluding precious metals,Undefined,Units,Million metric tonnes,66.1541
2012,Material footprint (Million metric tonnes),Metal ores excluding precious metals,Undefined,Units,Million metric tonnes,50.6117
2013,Material footprint (Million metric tonnes),Metal ores excluding precious metals,Undefined,Units,Million metric tonnes,100.90700000000001
2014,Material footprint (Million metric tonnes),Metal ores excluding precious metals,Undefined,Units,Million metric tonnes,91.7047
2015,Material footprint (Million metric tonnes),Metal ores excluding precious metals,Undefined,Units,Million metric tonnes,92.9516
2016,Material footprint (Million metric tonnes),Metal ores excluding precious metals,Undefined,Units,Million metric tonnes,66.19919999999999
2017,Material footprint (Million metric tonnes),Metal ores excluding precious metals,Undefined,Units,Million metric tonnes,73.4321
2008,Material footprint (Million metric tonnes),Non-metallic minerals,Undefined,Units,Million metric tonnes,288.7147
2009,Material footprint (Million metric tonnes),Non-metallic minerals,Undefined,Units,Million metric tonnes,239.9092
2010,Material footprint (Million metric tonnes),Non-metallic minerals,Undefined,Units,Million metric tonnes,231.3202
2011,Material footprint (Million metric tonnes),Non-metallic minerals,Undefined,Units,Million metric tonnes,231.1939
2012,Material footprint (Million metric tonnes),Non-metallic minerals,Undefined,Units,Million metric tonnes,213.1983
2013,Material footprint (Million metric tonnes),Non-metallic minerals,Undefined,Units,Million metric tonnes,229.0438
2014,Material footprint (Million metric tonnes),Non-metallic minerals,Undefined,Units,Million metric tonnes,241.3646
2015,Material footprint (Million metric tonnes),Non-metallic minerals,Undefined,Units,Million metric tonnes,260.4413
2016,Material footprint (Million metric tonnes),Non-metallic minerals,Undefined,Units,Million metric tonnes,264.4014
2017,Material footprint (Million metric tonnes),Non-metallic minerals,Undefined,Units,Million metric tonnes,244.87920000000003
2008,Material footprint (Million metric tonnes),Fossil fuels,Undefined,Units,Million metric tonnes,276.2666
2009,Material footprint (Million metric tonnes),Fossil fuels,Undefined,Units,Million metric tonnes,241.3901
2010,Material footprint (Million metric tonnes),Fossil fuels,Undefined,Units,Million metric tonnes,240.5768
2011,Material footprint (Million metric tonnes),Fossil fuels,Undefined,Units,Million metric tonnes,231.5124
2012,Material footprint (Million metric tonnes),Fossil fuels,Undefined,Units,Million metric tonnes,233.3593
2013,Material footprint (Million metric tonnes),Fossil fuels,Undefined,Units,Million metric tonnes,242.4056
2014,Material footprint (Million metric tonnes),Fossil fuels,Undefined,Units,Million metric tonnes,229.3598
2015,Material footprint (Million metric tonnes),Fossil fuels,Undefined,Units,Million metric tonnes,220.5161
2016,Material footprint (Million metric tonnes),Fossil fuels,Undefined,Units,Million metric tonnes,205.2857
2017,Material footprint (Million metric tonnes),Fossil fuels,Undefined,Units,Million metric tonnes,204.7406
2008,Material footprint per capita (Tonnes),Biomass,Undefined,Units,Material footprint per capita (Tonnes),3.2
2009,Material footprint per capita (Tonnes),Biomass,Undefined,Units,Material footprint per capita (Tonnes),3.0
2010,Material footprint per capita (Tonnes),Biomass,Undefined,Units,Material footprint per capita (Tonnes),3.0
2011,Material footprint per capita (Tonnes),Biomass,Undefined,Units,Material footprint per capita (Tonnes),3.0
2012,Material footprint per capita (Tonnes),Biomass,Undefined,Units,Material footprint per capita (Tonnes),2.9
2013,Material footprint per capita (Tonnes),Biomass,Undefined,Units,Material footprint per capita (Tonnes),3.0
2014,Material footprint per capita (Tonnes),Biomass,Undefined,Units,Material footprint per capita (Tonnes),3.2
2015,Material footprint per capita (Tonnes),Biomass,Undefined,Units,Material footprint per capita (Tonnes),3.2
2016,Material footprint per capita (Tonnes),Biomass,Undefined,Units,Material footprint per capita (Tonnes),2.9
2017,Material footprint per capita (Tonnes),Biomass,Undefined,Units,Material footprint per capita (Tonnes),3.2
2008,Material footprint per capita (Tonnes),Metal ores excluding precious metals,Undefined,Units,Material footprint per capita (Tonnes),1.4
2009,Material footprint per capita (Tonnes),Metal ores excluding precious metals,Undefined,Units,Material footprint per capita (Tonnes),0.7
2010,Material footprint per capita (Tonnes),Metal ores excluding precious metals,Undefined,Units,Material footprint per capita (Tonnes),1.1
2011,Material footprint per capita (Tonnes),Metal ores excluding precious metals,Undefined,Units,Material footprint per capita (Tonnes),1.0
2012,Material footprint per capita (Tonnes),Metal ores excluding precious metals,Undefined,Units,Material footprint per capita (Tonnes),0.8
2013,Material footprint per capita (Tonnes),Metal ores excluding precious metals,Undefined,Units,Material footprint per capita (Tonnes),1.6
2014,Material footprint per capita (Tonnes),Metal ores excluding precious metals,Undefined,Units,Material footprint per capita (Tonnes),1.4
2015,Material footprint per capita (Tonnes),Metal ores excluding precious metals,Undefined,Units,Material footprint per capita (Tonnes),1.4
2016,Material footprint per capita (Tonnes),Metal ores excluding precious metals,Undefined,Units,Material footprint per capita (Tonnes),1.0
2017,Material footprint per capita (Tonnes),Metal ores excluding precious metals,Undefined,Units,Material footprint per capita (Tonnes),1.1
2008,Material footprint per capita (Tonnes),Non-metallic minerals,Undefined,Units,Material footprint per capita (Tonnes),4.7
2009,Material footprint per capita (Tonnes),Non-metallic minerals,Undefined,Units,Material footprint per capita (Tonnes),3.9
2010,Material footprint per capita (Tonnes),Non-metallic minerals,Undefined,Units,Material footprint per capita (Tonnes),3.7
2011,Material footprint per capita (Tonnes),Non-metallic minerals,Undefined,Units,Material footprint per capita (Tonnes),3.7
2012,Material footprint per capita (Tonnes),Non-metallic minerals,Undefined,Units,Material footprint per capita (Tonnes),3.3
2013,Material footprint per capita (Tonnes),Non-metallic minerals,Undefined,Units,Material footprint per capita (Tonnes),3.6
2014,Material footprint per capita (Tonnes),Non-metallic minerals,Undefined,Units,Material footprint per capita (Tonnes),3.7
2015,Material footprint per capita (Tonnes),Non-metallic minerals,Undefined,Units,Material footprint per capita (Tonnes),4.0
2016,Material footprint per capita (Tonnes),Non-metallic minerals,Undefined,Units,Material footprint per capita (Tonnes),4.0
2017,Material footprint per capita (Tonnes),Non-metallic minerals,Undefined,Units,Material footprint per capita (Tonnes),3.7
2008,Material footprint per capita (Tonnes),Fossil fuels,Undefined,Units,Material footprint per capita (Tonnes),4.5
2009,Material footprint per capita (Tonnes),Fossil fuels,Undefined,Units,Material footprint per capita (Tonnes),3.9
2010,Material footprint per capita (Tonnes),Fossil fuels,Undefined,Units,Material footprint per capita (Tonnes),3.8
2011,Material footprint per capita (Tonnes),Fossil fuels,Undefined,Units,Material footprint per capita (Tonnes),3.7
2012,Material footprint per capita (Tonnes),Fossil fuels,Undefined,Units,Material footprint per capita (Tonnes),3.7
2013,Material footprint per capita (Tonnes),Fossil fuels,Undefined,Units,Material footprint per capita (Tonnes),3.8
2014,Material footprint per capita (Tonnes),Fossil fuels,Undefined,Units,Material footprint per capita (Tonnes),3.6
2015,Material footprint per capita (Tonnes),Fossil fuels,Undefined,Units,Material footprint per capita (Tonnes),3.4
2016,Material footprint per capita (Tonnes),Fossil fuels,Undefined,Units,Material footprint per capita (Tonnes),3.1
2017,Material footprint per capita (Tonnes),Fossil fuels,Undefined,Units,Material footprint per capita (Tonnes),3.1
2008,Material footprint per GDP (Tonnes per £m),Biomass,Undefined,Units,Tonnes of Material Footprint per GDP (£m),109.0
2009,Material footprint per GDP (Tonnes per £m),Biomass,Undefined,Units,Tonnes of Material Footprint per GDP (£m),104.0
2010,Material footprint per GDP (Tonnes per £m),Biomass,Undefined,Units,Tonnes of Material Footprint per GDP (£m),103.0
2011,Material footprint per GDP (Tonnes per £m),Biomass,Undefined,Units,Tonnes of Material Footprint per GDP (£m),105.0
2012,Material footprint per GDP (Tonnes per £m),Biomass,Undefined,Units,Tonnes of Material Footprint per GDP (£m),101.0
2013,Material footprint per GDP (Tonnes per £m),Biomass,Undefined,Units,Tonnes of Material Footprint per GDP (£m),107.0
2014,Material footprint per GDP (Tonnes per £m),Biomass,Undefined,Units,Tonnes of Material Footprint per GDP (£m),114.0
2015,Material footprint per GDP (Tonnes per £m),Biomass,Undefined,Units,Tonnes of Material Footprint per GDP (£m),114.0
2016,Material footprint per GDP (Tonnes per £m),Biomass,Undefined,Units,Tonnes of Material Footprint per GDP (£m),107.0
2017,Material footprint per GDP (Tonnes per £m),Biomass,Undefined,Units,Tonnes of Material Footprint per GDP (£m),118.0
2008,Material footprint per GDP (Tonnes per £m),Metal ores excluding precious metals,Undefined,Units,Tonnes of Material Footprint per GDP (£m),46.0
2009,Material footprint per GDP (Tonnes per £m),Metal ores excluding precious metals,Undefined,Units,Tonnes of Material Footprint per GDP (£m),24.0
2010,Material footprint per GDP (Tonnes per £m),Metal ores excluding precious metals,Undefined,Units,Tonnes of Material Footprint per GDP (£m),38.0
2011,Material footprint per GDP (Tonnes per £m),Metal ores excluding precious metals,Undefined,Units,Tonnes of Material Footprint per GDP (£m),36.0
2012,Material footprint per GDP (Tonnes per £m),Metal ores excluding precious metals,Undefined,Units,Tonnes of Material Footprint per GDP (£m),28.0
2013,Material footprint per GDP (Tonnes per £m),Metal ores excluding precious metals,Undefined,Units,Tonnes of Material Footprint per GDP (£m),56.0
2014,Material footprint per GDP (Tonnes per £m),Metal ores excluding precious metals,Undefined,Units,Tonnes of Material Footprint per GDP (£m),51.0
2015,Material footprint per GDP (Tonnes per £m),Metal ores excluding precious metals,Undefined,Units,Tonnes of Material Footprint per GDP (£m),51.0
2016,Material footprint per GDP (Tonnes per £m),Metal ores excluding precious metals,Undefined,Units,Tonnes of Material Footprint per GDP (£m),36.0
2017,Material footprint per GDP (Tonnes per £m),Metal ores excluding precious metals,Undefined,Units,Tonnes of Material Footprint per GDP (£m),40.0
2008,Material footprint per GDP (Tonnes per £m),Non-metallic minerals,Undefined,Units,Tonnes of Material Footprint per GDP (£m),159.0
2009,Material footprint per GDP (Tonnes per £m),Non-metallic minerals,Undefined,Units,Tonnes of Material Footprint per GDP (£m),132.0
2010,Material footprint per GDP (Tonnes per £m),Non-metallic minerals,Undefined,Units,Tonnes of Material Footprint per GDP (£m),127.0
2011,Material footprint per GDP (Tonnes per £m),Non-metallic minerals,Undefined,Units,Tonnes of Material Footprint per GDP (£m),127.0
2012,Material footprint per GDP (Tonnes per £m),Non-metallic minerals,Undefined,Units,Tonnes of Material Footprint per GDP (£m),117.0
2013,Material footprint per GDP (Tonnes per £m),Non-metallic minerals,Undefined,Units,Tonnes of Material Footprint per GDP (£m),126.0
2014,Material footprint per GDP (Tonnes per £m),Non-metallic minerals,Undefined,Units,Tonnes of Material Footprint per GDP (£m),133.0
2015,Material footprint per GDP (Tonnes per £m),Non-metallic minerals,Undefined,Units,Tonnes of Material Footprint per GDP (£m),144.0
2016,Material footprint per GDP (Tonnes per £m),Non-metallic minerals,Undefined,Units,Tonnes of Material Footprint per GDP (£m),146.0
2017,Material footprint per GDP (Tonnes per £m),Non-metallic minerals,Undefined,Units,Tonnes of Material Footprint per GDP (£m),135.0
2008,Material footprint per GDP (Tonnes per £m),Fossil fuels,Undefined,Units,Tonnes of Material Footprint per GDP (£m),152.0
2009,Material footprint per GDP (Tonnes per £m),Fossil fuels,Undefined,Units,Tonnes of Material Footprint per GDP (£m),133.0
2010,Material footprint per GDP (Tonnes per £m),Fossil fuels,Undefined,Units,Tonnes of Material Footprint per GDP (£m),133.0
2011,Material footprint per GDP (Tonnes per £m),Fossil fuels,Undefined,Units,Tonnes of Material Footprint per GDP (£m),128.0
2012,Material footprint per GDP (Tonnes per £m),Fossil fuels,Undefined,Units,Tonnes of Material Footprint per GDP (£m),129.0
2013,Material footprint per GDP (Tonnes per £m),Fossil fuels,Undefined,Units,Tonnes of Material Footprint per GDP (£m),134.0
2014,Material footprint per GDP (Tonnes per £m),Fossil fuels,Undefined,Units,Tonnes of Material Footprint per GDP (£m),126.0
2015,Material footprint per GDP (Tonnes per £m),Fossil fuels,Undefined,Units,Tonnes of Material Footprint per GDP (£m),122.0
2016,Material footprint per GDP (Tonnes per £m),Fossil fuels,Undefined,Units,Tonnes of Material Footprint per GDP (£m),113.0
2017,Material footprint per GDP (Tonnes per £m),Fossil fuels,Undefined,Units,Tonnes of Material Footprint per GDP (£m),113.0
2000,Domestic material consumption (Million metric tonnes),,Undefined,Units,Million metric tonnes,738.8485
2001,Domestic material consumption (Million metric tonnes),,Undefined,Units,Million metric tonnes,743.2789
2002,Domestic material consumption (Million metric tonnes),,Undefined,Units,Million metric tonnes,721.972
2003,Domestic material consumption (Million metric tonnes),,Undefined,Units,Million metric tonnes,723.0251
2004,Domestic material consumption (Million metric tonnes),,Undefined,Units,Million metric tonnes,751.9634
2005,Domestic material consumption (Million metric tonnes),,Undefined,Units,Million metric tonnes,732.6655
2006,Domestic material consumption (Million metric tonnes),,Undefined,Units,Million metric tonnes,724.2632
2007,Domestic material consumption (Million metric tonnes),,Undefined,Units,Million metric tonnes,718.9227
2008,Domestic material consumption (Million metric tonnes),,Undefined,Units,Million metric tonnes,674.9295
2009,Domestic material consumption (Million metric tonnes),,Undefined,Units,Million metric tonnes,591.6201
2010,Domestic material consumption (Million metric tonnes),,Undefined,Units,Million metric tonnes,575.3487
2011,Domestic material consumption (Million metric tonnes),,Undefined,Units,Million metric tonnes,575.5522
2012,Domestic material consumption (Million metric tonnes),,Undefined,Units,Million metric tonnes,557.4719
2013,Domestic material consumption (Million metric tonnes),,Undefined,Units,Million metric tonnes,572.7743
2014,Domestic material consumption (Million metric tonnes),,Undefined,Units,Million metric tonnes,588.3881
2015,Domestic material consumption (Million metric tonnes),,Undefined,Units,Million metric tonnes,566.5515
2016,Domestic material consumption (Million metric tonnes),,Undefined,Units,Million metric tonnes,558.3661
2017,Domestic material consumption (Million metric tonnes),,Undefined,Units,Million metric tonnes,569.638
2018,Domestic material consumption (Million metric tonnes),,Undefined,Units,Million metric tonnes,565.6744
2000,Domestic material consumption (Million metric tonnes),Biomass,Undefined,Units,Million metric tonnes,175.263
2001,Domestic material consumption (Million metric tonnes),Biomass,Undefined,Units,Million metric tonnes,168.8858
2002,Domestic material consumption (Million metric tonnes),Biomass,Undefined,Units,Million metric tonnes,175.2724
2003,Domestic material consumption (Million metric tonnes),Biomass,Undefined,Units,Million metric tonnes,170.6334
2004,Domestic material consumption (Million metric tonnes),Biomass,Undefined,Units,Million metric tonnes,173.85989999999995
2005,Domestic material consumption (Million metric tonnes),Biomass,Undefined,Units,Million metric tonnes,172.35029999999998
2006,Domestic material consumption (Million metric tonnes),Biomass,Undefined,Units,Million metric tonnes,167.6477
2007,Domestic material consumption (Million metric tonnes),Biomass,Undefined,Units,Million metric tonnes,161.9506
2008,Domestic material consumption (Million metric tonnes),Biomass,Undefined,Units,Million metric tonnes,169.17479999999995
2009,Domestic material consumption (Million metric tonnes),Biomass,Undefined,Units,Million metric tonnes,163.6012
2010,Domestic material consumption (Million metric tonnes),Biomass,Undefined,Units,Million metric tonnes,160.56820000000005
2011,Domestic material consumption (Million metric tonnes),Biomass,Undefined,Units,Million metric tonnes,165.0108
2012,Domestic material consumption (Million metric tonnes),Biomass,Undefined,Units,Million metric tonnes,159.181
2013,Domestic material consumption (Million metric tonnes),Biomass,Undefined,Units,Million metric tonnes,169.7742
2014,Domestic material consumption (Million metric tonnes),Biomass,Undefined,Units,Million metric tonnes,181.0601
2015,Domestic material consumption (Million metric tonnes),Biomass,Undefined,Units,Million metric tonnes,174.7963
2016,Domestic material consumption (Million metric tonnes),Biomass,Undefined,Units,Million metric tonnes,168.44920000000005
2017,Domestic material consumption (Million metric tonnes),Biomass,Undefined,Units,Million metric tonnes,182.6595
2018,Domestic material consumption (Million metric tonnes),Biomass,Undefined,Units,Million metric tonnes,174.6735
2000,Domestic material consumption (Million metric tonnes),Metal ores,Undefined,Units,Million metric tonnes,16.9655
2001,Domestic material consumption (Million metric tonnes),Metal ores,Undefined,Units,Million metric tonnes,20.3047
2002,Domestic material consumption (Million metric tonnes),Metal ores,Undefined,Units,Million metric tonnes,18.8867
2003,Domestic material consumption (Million metric tonnes),Metal ores,Undefined,Units,Million metric tonnes,17.4026
2004,Domestic material consumption (Million metric tonnes),Metal ores,Undefined,Units,Million metric tonnes,19.2925
2005,Domestic material consumption (Million metric tonnes),Metal ores,Undefined,Units,Million metric tonnes,17.2714
2006,Domestic material consumption (Million metric tonnes),Metal ores,Undefined,Units,Million metric tonnes,18.0785
2007,Domestic material consumption (Million metric tonnes),Metal ores,Undefined,Units,Million metric tonnes,20.5299
2008,Domestic material consumption (Million metric tonnes),Metal ores,Undefined,Units,Million metric tonnes,15.4372
2009,Domestic material consumption (Million metric tonnes),Metal ores,Undefined,Units,Million metric tonnes,6.2542
2010,Domestic material consumption (Million metric tonnes),Metal ores,Undefined,Units,Million metric tonnes,9.4378
2011,Domestic material consumption (Million metric tonnes),Metal ores,Undefined,Units,Million metric tonnes,8.9774
2012,Domestic material consumption (Million metric tonnes),Metal ores,Undefined,Units,Million metric tonnes,9.8523
2013,Domestic material consumption (Million metric tonnes),Metal ores,Undefined,Units,Million metric tonnes,12.6564
2014,Domestic material consumption (Million metric tonnes),Metal ores,Undefined,Units,Million metric tonnes,14.8838
2015,Domestic material consumption (Million metric tonnes),Metal ores,Undefined,Units,Million metric tonnes,13.634
2016,Domestic material consumption (Million metric tonnes),Metal ores,Undefined,Units,Million metric tonnes,12.1942
2017,Domestic material consumption (Million metric tonnes),Metal ores,Undefined,Units,Million metric tonnes,11.5622
2018,Domestic material consumption (Million metric tonnes),Metal ores,Undefined,Units,Million metric tonnes,11.2524
2000,Domestic material consumption (Million metric tonnes),Non-metallic minerals,Undefined,Units,Million metric tonnes,298.0389
2001,Domestic material consumption (Million metric tonnes),Non-metallic minerals,Undefined,Units,Million metric tonnes,303.8595
2002,Domestic material consumption (Million metric tonnes),Non-metallic minerals,Undefined,Units,Million metric tonnes,289.7323
2003,Domestic material consumption (Million metric tonnes),Non-metallic minerals,Undefined,Units,Million metric tonnes,283.8125
2004,Domestic material consumption (Million metric tonnes),Non-metallic minerals,Undefined,Units,Million metric tonnes,295.0795
2005,Domestic material consumption (Million metric tonnes),Non-metallic minerals,Undefined,Units,Million metric tonnes,284.7195
2006,Domestic material consumption (Million metric tonnes),Non-metallic minerals,Undefined,Units,Million metric tonnes,284.1623
2007,Domestic material consumption (Million metric tonnes),Non-metallic minerals,Undefined,Units,Million metric tonnes,289.5370999999999
2008,Domestic material consumption (Million metric tonnes),Non-metallic minerals,Undefined,Units,Million metric tonnes,256.2828
2009,Domestic material consumption (Million metric tonnes),Non-metallic minerals,Undefined,Units,Million metric tonnes,205.87920000000003
2010,Domestic material consumption (Million metric tonnes),Non-metallic minerals,Undefined,Units,Million metric tonnes,203.1572
2011,Domestic material consumption (Million metric tonnes),Non-metallic minerals,Undefined,Units,Million metric tonnes,200.9767
2012,Domestic material consumption (Million metric tonnes),Non-metallic minerals,Undefined,Units,Million metric tonnes,186.8586
2013,Domestic material consumption (Million metric tonnes),Non-metallic minerals,Undefined,Units,Million metric tonnes,198.9032
2014,Domestic material consumption (Million metric tonnes),Non-metallic minerals,Undefined,Units,Million metric tonnes,213.5014
2015,Domestic material consumption (Million metric tonnes),Non-metallic minerals,Undefined,Units,Million metric tonnes,209.5642
2016,Domestic material consumption (Million metric tonnes),Non-metallic minerals,Undefined,Units,Million metric tonnes,219.9657
2017,Domestic material consumption (Million metric tonnes),Non-metallic minerals,Undefined,Units,Million metric tonnes,221.1788
2018,Domestic material consumption (Million metric tonnes),Non-metallic minerals,Undefined,Units,Million metric tonnes,226.4037
2000,Domestic material consumption (Million metric tonnes),Fossil fuels,Undefined,Units,Million metric tonnes,240.5836
2001,Domestic material consumption (Million metric tonnes),Fossil fuels,Undefined,Units,Million metric tonnes,242.2288
2002,Domestic material consumption (Million metric tonnes),Fossil fuels,Undefined,Units,Million metric tonnes,231.5085
2003,Domestic material consumption (Million metric tonnes),Fossil fuels,Undefined,Units,Million metric tonnes,244.3185
2004,Domestic material consumption (Million metric tonnes),Fossil fuels,Undefined,Units,Million metric tonnes,254.1608
2005,Domestic material consumption (Million metric tonnes),Fossil fuels,Undefined,Units,Million metric tonnes,250.8326
2006,Domestic material consumption (Million metric tonnes),Fossil fuels,Undefined,Units,Million metric tonnes,245.6999
2007,Domestic material consumption (Million metric tonnes),Fossil fuels,Undefined,Units,Million metric tonnes,239.3964
2008,Domestic material consumption (Million metric tonnes),Fossil fuels,Undefined,Units,Million metric tonnes,226.3078
2009,Domestic material consumption (Million metric tonnes),Fossil fuels,Undefined,Units,Million metric tonnes,208.7325
2010,Domestic material consumption (Million metric tonnes),Fossil fuels,Undefined,Units,Million metric tonnes,193.3404
2011,Domestic material consumption (Million metric tonnes),Fossil fuels,Undefined,Units,Million metric tonnes,192.7138
2012,Domestic material consumption (Million metric tonnes),Fossil fuels,Undefined,Units,Million metric tonnes,194.1838
2013,Domestic material consumption (Million metric tonnes),Fossil fuels,Undefined,Units,Million metric tonnes,183.2887
2014,Domestic material consumption (Million metric tonnes),Fossil fuels,Undefined,Units,Million metric tonnes,170.6589
2015,Domestic material consumption (Million metric tonnes),Fossil fuels,Undefined,Units,Million metric tonnes,160.871
2016,Domestic material consumption (Million metric tonnes),Fossil fuels,Undefined,Units,Million metric tonnes,149.0349
2017,Domestic material consumption (Million metric tonnes),Fossil fuels,Undefined,Units,Million metric tonnes,145.5661
2018,Domestic material consumption (Million metric tonnes),Fossil fuels,Undefined,Units,Million metric tonnes,144.489
2000,Domestic material consumption per capita (Tonnes),,Undefined,Units,DMC per capita (Tonnes),12.5
2001,Domestic material consumption per capita (Tonnes),,Undefined,Units,DMC per capita (Tonnes),12.6
2002,Domestic material consumption per capita (Tonnes),,Undefined,Units,DMC per capita (Tonnes),12.2
2003,Domestic material consumption per capita (Tonnes),,Undefined,Units,DMC per capita (Tonnes),12.1
2004,Domestic material consumption per capita (Tonnes),,Undefined,Units,DMC per capita (Tonnes),12.5
2005,Domestic material consumption per capita (Tonnes),,Undefined,Units,DMC per capita (Tonnes),12.1
2006,Domestic material consumption per capita (Tonnes),,Undefined,Units,DMC per capita (Tonnes),11.9
2007,Domestic material consumption per capita (Tonnes),,Undefined,Units,DMC per capita (Tonnes),11.7
2008,Domestic material consumption per capita (Tonnes),,Undefined,Units,DMC per capita (Tonnes),10.9
2009,Domestic material consumption per capita (Tonnes),,Undefined,Units,DMC per capita (Tonnes),9.5
2010,Domestic material consumption per capita (Tonnes),,Undefined,Units,DMC per capita (Tonnes),9.2
2011,Domestic material consumption per capita (Tonnes),,Undefined,Units,DMC per capita (Tonnes),9.1
2012,Domestic material consumption per capita (Tonnes),,Undefined,Units,DMC per capita (Tonnes),8.8
2013,Domestic material consumption per capita (Tonnes),,Undefined,Units,DMC per capita (Tonnes),8.9
2014,Domestic material consumption per capita (Tonnes),,Undefined,Units,DMC per capita (Tonnes),9.1
2015,Domestic material consumption per capita (Tonnes),,Undefined,Units,DMC per capita (Tonnes),8.7
2016,Domestic material consumption per capita (Tonnes),,Undefined,Units,DMC per capita (Tonnes),8.5
2017,Domestic material consumption per capita (Tonnes),,Undefined,Units,DMC per capita (Tonnes),8.6
2018,Domestic material consumption per capita (Tonnes),,Undefined,Units,DMC per capita (Tonnes),8.5
2000,Domestic material consumption per capita (Tonnes),Biomass,Undefined,Units,DMC per capita (Tonnes),2.9763051042605984
2001,Domestic material consumption per capita (Tonnes),Biomass,Undefined,Units,DMC per capita (Tonnes),2.85699853311494
2002,Domestic material consumption per capita (Tonnes),Biomass,Undefined,Units,DMC per capita (Tonnes),2.952419796374932
2003,Domestic material consumption per capita (Tonnes),Biomass,Undefined,Units,DMC per capita (Tonnes),2.8612164778773166
2004,Domestic material consumption per capita (Tonnes),Biomass,Undefined,Units,DMC per capita (Tonnes),2.9000641263829516
2005,Domestic material consumption per capita (Tonnes),Biomass,Undefined,Units,DMC per capita (Tonnes),2.852854726831897
2006,Domestic material consumption per capita (Tonnes),Biomass,Undefined,Units,DMC per capita (Tonnes),2.756141038562715
2007,Domestic material consumption per capita (Tonnes),Biomass,Undefined,Units,DMC per capita (Tonnes),2.6411129000233617
2008,Domestic material consumption per capita (Tonnes),Biomass,Undefined,Units,DMC per capita (Tonnes),2.7364037250913773
2009,Domestic material consumption per capita (Tonnes),Biomass,Undefined,Units,DMC per capita (Tonnes),2.6276890932075285
2010,Domestic material consumption per capita (Tonnes),Biomass,Undefined,Units,DMC per capita (Tonnes),2.558470232756638
2011,Domestic material consumption per capita (Tonnes),Biomass,Undefined,Units,DMC per capita (Tonnes),2.607417585912144
2012,Domestic material consumption per capita (Tonnes),Biomass,Undefined,Units,DMC per capita (Tonnes),2.4987194888692463
2013,Domestic material consumption per capita (Tonnes),Biomass,Undefined,Units,DMC per capita (Tonnes),2.648349863180555
2014,Domestic material consumption per capita (Tonnes),Biomass,Undefined,Units,DMC per capita (Tonnes),2.802928853141099
2015,Domestic material consumption per capita (Tonnes),Biomass,Undefined,Units,DMC per capita (Tonnes),2.6846292232008357
2016,Domestic material consumption per capita (Tonnes),Biomass,Undefined,Units,DMC per capita (Tonnes),2.5659435388595067
2017,Domestic material consumption per capita (Tonnes),Biomass,Undefined,Units,DMC per capita (Tonnes),2.765882292746138
2018,Domestic material consumption per capita (Tonnes),Biomass,Undefined,Units,DMC per capita (Tonnes),2.6292173392107085
2000,Domestic material consumption per capita (Tonnes),Metal ores,Undefined,Units,DMC per capita (Tonnes),0.28810704054097697
2001,Domestic material consumption per capita (Tonnes),Metal ores,Undefined,Units,DMC per capita (Tonnes),0.3434894947671085
2002,Domestic material consumption per capita (Tonnes),Metal ores,Undefined,Units,DMC per capita (Tonnes),0.31814174375540266
2003,Domestic material consumption per capita (Tonnes),Metal ores,Undefined,Units,DMC per capita (Tonnes),0.29181043030208503
2004,Domestic material consumption per capita (Tonnes),Metal ores,Undefined,Units,DMC per capita (Tonnes),0.32180788760515283
2005,Domestic material consumption per capita (Tonnes),Metal ores,Undefined,Units,DMC per capita (Tonnes),0.2858874926762787
2006,Domestic material consumption per capita (Tonnes),Metal ores,Undefined,Units,DMC per capita (Tonnes),0.2972119257565481
2007,Domestic material consumption per capita (Tonnes),Metal ores,Undefined,Units,DMC per capita (Tonnes),0.3348044633745699
2008,Domestic material consumption per capita (Tonnes),Metal ores,Undefined,Units,DMC per capita (Tonnes),0.24969683182708424
2009,Domestic material consumption per capita (Tonnes),Metal ores,Undefined,Units,DMC per capita (Tonnes),0.10045215515985532
2010,Domestic material consumption per capita (Tonnes),Metal ores,Undefined,Units,DMC per capita (Tonnes),0.15038052592425274
2011,Domestic material consumption per capita (Tonnes),Metal ores,Undefined,Units,DMC per capita (Tonnes),0.14185635507353267
2012,Domestic material consumption per capita (Tonnes),Metal ores,Undefined,Units,DMC per capita (Tonnes),0.1546549777937472
2013,Domestic material consumption per capita (Tonnes),Metal ores,Undefined,Units,DMC per capita (Tonnes),0.19743032338458008
2014,Domestic material consumption per capita (Tonnes),Metal ores,Undefined,Units,DMC per capita (Tonnes),0.2304109655544291
2015,Domestic material consumption per capita (Tonnes),Metal ores,Undefined,Units,DMC per capita (Tonnes),0.20939936845985985
2016,Domestic material consumption per capita (Tonnes),Metal ores,Undefined,Units,DMC per capita (Tonnes),0.18575112675845654
2017,Domestic material consumption per capita (Tonnes),Metal ores,Undefined,Units,DMC per capita (Tonnes),0.17507813305735204
2018,Domestic material consumption per capita (Tonnes),Metal ores,Undefined,Units,DMC per capita (Tonnes),0.1693731744525333
2000,Domestic material consumption per capita (Tonnes),Non-metallic minerals,Undefined,Units,DMC per capita (Tonnes),5.0612776189966695
2001,Domestic material consumption per capita (Tonnes),Non-metallic minerals,Undefined,Units,DMC per capita (Tonnes),5.140314613620798
2002,Domestic material consumption per capita (Tonnes),Non-metallic minerals,Undefined,Units,DMC per capita (Tonnes),4.880468220719523
2003,Domestic material consumption per capita (Tonnes),Non-metallic minerals,Undefined,Units,DMC per capita (Tonnes),4.759027257427653
2004,Domestic material consumption per capita (Tonnes),Non-metallic minerals,Undefined,Units,DMC per capita (Tonnes),4.922063525752738
2005,Domestic material consumption per capita (Tonnes),Non-metallic minerals,Undefined,Units,DMC per capita (Tonnes),4.712863113068061
2006,Domestic material consumption per capita (Tonnes),Non-metallic minerals,Undefined,Units,DMC per capita (Tonnes),4.6716499936615286
2007,Domestic material consumption per capita (Tonnes),Non-metallic minerals,Undefined,Units,DMC per capita (Tonnes),4.721811279768978
2008,Domestic material consumption per capita (Tonnes),Non-metallic minerals,Undefined,Units,DMC per capita (Tonnes),4.145376312529103
2009,Domestic material consumption per capita (Tonnes),Non-metallic minerals,Undefined,Units,DMC per capita (Tonnes),3.306739365959977
2010,Domestic material consumption per capita (Tonnes),Non-metallic minerals,Undefined,Units,DMC per capita (Tonnes),3.237077134639281
2011,Domestic material consumption per capita (Tonnes),Non-metallic minerals,Undefined,Units,DMC per capita (Tonnes),3.1757326304616984
2012,Domestic material consumption per capita (Tonnes),Non-metallic minerals,Undefined,Units,DMC per capita (Tonnes),2.9331843968992724
2013,Domestic material consumption per capita (Tonnes),Non-metallic minerals,Undefined,Units,DMC per capita (Tonnes),3.102740360468049
2014,Domestic material consumption per capita (Tonnes),Non-metallic minerals,Undefined,Units,DMC per capita (Tonnes),3.3051414102058883
2015,Domestic material consumption per capita (Tonnes),Non-metallic minerals,Undefined,Units,DMC per capita (Tonnes),3.218616043112495
2016,Domestic material consumption per capita (Tonnes),Non-metallic minerals,Undefined,Units,DMC per capita (Tonnes),3.3506811946017474
2017,Domestic material consumption per capita (Tonnes),Non-metallic minerals,Undefined,Units,DMC per capita (Tonnes),3.3491525294377764
2018,Domestic material consumption per capita (Tonnes),Non-metallic minerals,Undefined,Units,DMC per capita (Tonnes),3.40786973239478
2000,Domestic material consumption per capita (Tonnes),Fossil fuels,Undefined,Units,DMC per capita (Tonnes),4.085575373475234
2001,Domestic material consumption per capita (Tonnes),Fossil fuels,Undefined,Units,DMC per capita (Tonnes),4.097723587644387
2002,Domestic material consumption per capita (Tonnes),Fossil fuels,Undefined,Units,DMC per capita (Tonnes),3.8997028535529035
2003,Domestic material consumption per capita (Tonnes),Fossil fuels,Undefined,Units,DMC per capita (Tonnes),4.096783619445367
2004,Domestic material consumption per capita (Tonnes),Fossil fuels,Undefined,Units,DMC per capita (Tonnes),4.239520547364816
2005,Domestic material consumption per capita (Tonnes),Fossil fuels,Undefined,Units,DMC per capita (Tonnes),4.151945012880944
2006,Domestic material consumption per capita (Tonnes),Fossil fuels,Undefined,Units,DMC per capita (Tonnes),4.039325189434482
2007,Domestic material consumption per capita (Tonnes),Fossil fuels,Undefined,Units,DMC per capita (Tonnes),3.9041097733454064
2008,Domestic material consumption per capita (Tonnes),Fossil fuels,Undefined,Units,DMC per capita (Tonnes),3.660530450972807
2009,Domestic material consumption per capita (Tonnes),Fossil fuels,Undefined,Units,DMC per capita (Tonnes),3.3525677907493368
2010,Domestic material consumption per capita (Tonnes),Fossil fuels,Undefined,Units,DMC per capita (Tonnes),3.0806576781035195
2011,Domestic material consumption per capita (Tonnes),Fossil fuels,Undefined,Units,DMC per capita (Tonnes),3.045166444668808
2012,Domestic material consumption per capita (Tonnes),Fossil fuels,Undefined,Units,DMC per capita (Tonnes),3.0481706075642685
2013,Domestic material consumption per capita (Tonnes),Fossil fuels,Undefined,Units,DMC per capita (Tonnes),2.8591659013415573
2014,Domestic material consumption per capita (Tonnes),Fossil fuels,Undefined,Units,DMC per capita (Tonnes),2.6419114694806947
2015,Domestic material consumption per capita (Tonnes),Fossil fuels,Undefined,Units,DMC per capita (Tonnes),2.470755889944705
2016,Domestic material consumption per capita (Tonnes),Fossil fuels,Undefined,Units,DMC per capita (Tonnes),2.270210477221457
2017,Domestic material consumption per capita (Tonnes),Fossil fuels,Undefined,Units,DMC per capita (Tonnes),2.204203440905694
2018,Domestic material consumption per capita (Tonnes),Fossil fuels,Undefined,Units,DMC per capita (Tonnes),2.174874747029264
2000,Domestic material consumption per GDP (Tonnes per £m),,Undefined,Units,Tonnes of DMC per GDP (£m),491.44909432436174
2001,Domestic material consumption per GDP (Tonnes per £m),,Undefined,Units,Tonnes of DMC per GDP (£m),480.11586927145373
2002,Domestic material consumption per GDP (Tonnes per £m),,Undefined,Units,Tonnes of DMC per GDP (£m),455.758754126923
2003,Domestic material consumption per GDP (Tonnes per £m),,Undefined,Units,Tonnes of DMC per GDP (£m),441.90123391899004
2004,Domestic material consumption per GDP (Tonnes per £m),,Undefined,Units,Tonnes of DMC per GDP (£m),448.93042493452276
2005,Domestic material consumption per GDP (Tonnes per £m),,Undefined,Units,Tonnes of DMC per GDP (£m),423.92926349020087
2006,Domestic material consumption per GDP (Tonnes per £m),,Undefined,Units,Tonnes of DMC per GDP (£m),407.69979881359694
2007,Domestic material consumption per GDP (Tonnes per £m),,Undefined,Units,Tonnes of DMC per GDP (£m),395.0904051953105
2008,Domestic material consumption per GDP (Tonnes per £m),,Undefined,Units,Tonnes of DMC per GDP (£m),371.9591232090364
2009,Domestic material consumption per GDP (Tonnes per £m),,Undefined,Units,Tonnes of DMC per GDP (£m),340.5109678102596
2010,Domestic material consumption per GDP (Tonnes per £m),,Undefined,Units,Tonnes of DMC per GDP (£m),324.81334552009486
2011,Domestic material consumption per GDP (Tonnes per £m),,Undefined,Units,Tonnes of DMC per GDP (£m),319.9995774498318
2012,Domestic material consumption per GDP (Tonnes per £m),,Undefined,Units,Tonnes of DMC per GDP (£m),305.42991358774145
2013,Domestic material consumption per GDP (Tonnes per £m),,Undefined,Units,Tonnes of DMC per GDP (£m),307.2403185186576
2014,Domestic material consumption per GDP (Tonnes per £m),,Undefined,Units,Tonnes of DMC per GDP (£m),307.5950432492396
2015,Domestic material consumption per GDP (Tonnes per £m),,Undefined,Units,Tonnes of DMC per GDP (£m),289.3639678842854
2016,Domestic material consumption per GDP (Tonnes per £m),,Undefined,Units,Tonnes of DMC per GDP (£m),279.8157133278342
2017,Domestic material consumption per GDP (Tonnes per £m),,Undefined,Units,Tonnes of DMC per GDP (£m),280.16352274258645
2018,Domestic material consumption per GDP (Tonnes per £m),,Undefined,Units,Tonnes of DMC per GDP (£m),274.53338859516214
2000,Domestic material consumption per GDP (Tonnes per £m),Biomass,Undefined,Units,Tonnes of DMC per GDP (£m),116.57713674531463
2001,Domestic material consumption per GDP (Tonnes per £m),Biomass,Undefined,Units,Tonnes of DMC per GDP (£m),109.09061548041372
2002,Domestic material consumption per GDP (Tonnes per £m),Biomass,Undefined,Units,Tonnes of DMC per GDP (£m),110.64408405981906
2003,Domestic material consumption per GDP (Tonnes per £m),Biomass,Undefined,Units,Tonnes of DMC per GDP (£m),104.28837118903976
2004,Domestic material consumption per GDP (Tonnes per £m),Biomass,Undefined,Units,Tonnes of DMC per GDP (£m),103.79627357671083
2005,Domestic material consumption per GDP (Tonnes per £m),Biomass,Undefined,Units,Tonnes of DMC per GDP (£m),99.72400193719395
2006,Domestic material consumption per GDP (Tonnes per £m),Biomass,Undefined,Units,Tonnes of DMC per GDP (£m),94.37167808824506
2007,Domestic material consumption per GDP (Tonnes per £m),Biomass,Undefined,Units,Tonnes of DMC per GDP (£m),89.0014019248852
2008,Domestic material consumption per GDP (Tonnes per £m),Biomass,Undefined,Units,Tonnes of DMC per GDP (£m),93.23360480918983
2009,Domestic material consumption per GDP (Tonnes per £m),Biomass,Undefined,Units,Tonnes of DMC per GDP (£m),94.16178210801131
2010,Domestic material consumption per GDP (Tonnes per £m),Biomass,Undefined,Units,Tonnes of DMC per GDP (£m),90.64884343379885
2011,Domestic material consumption per GDP (Tonnes per £m),Biomass,Undefined,Units,Tonnes of DMC per GDP (£m),91.74387010363043
2012,Domestic material consumption per GDP (Tonnes per £m),Biomass,Undefined,Units,Tonnes of DMC per GDP (£m),87.21271704423175
2013,Domestic material consumption per GDP (Tonnes per £m),Biomass,Undefined,Units,Tonnes of DMC per GDP (£m),91.0681210456724
2014,Domestic material consumption per GDP (Tonnes per £m),Biomass,Undefined,Units,Tonnes of DMC per GDP (£m),94.6538335670141
2015,Domestic material consumption per GDP (Tonnes per £m),Biomass,Undefined,Units,Tonnes of DMC per GDP (£m),89.2765281523249
2016,Domestic material consumption per GDP (Tonnes per £m),Biomass,Undefined,Units,Tonnes of DMC per GDP (£m),84.41546336266298
2017,Domestic material consumption per GDP (Tonnes per £m),Biomass,Undefined,Units,Tonnes of DMC per GDP (£m),89.83692973853478
2018,Domestic material consumption per GDP (Tonnes per £m),Biomass,Undefined,Units,Tonnes of DMC per GDP (£m),84.77263219402725
2000,Domestic material consumption per GDP (Tonnes per £m),Metal ores,Undefined,Units,Tonnes of DMC per GDP (£m),11.284694507412492
2001,Domestic material consumption per GDP (Tonnes per £m),Metal ores,Undefined,Units,Tonnes of DMC per GDP (£m),13.115680656071474
2002,Domestic material consumption per GDP (Tonnes per £m),Metal ores,Undefined,Units,Tonnes of DMC per GDP (£m),11.922593759271766
2003,Domestic material consumption per GDP (Tonnes per £m),Metal ores,Undefined,Units,Tonnes of DMC per GDP (£m),10.636187337616102
2004,Domestic material consumption per GDP (Tonnes per £m),Metal ores,Undefined,Units,Tonnes of DMC per GDP (£m),11.51783480824902
2005,Domestic material consumption per GDP (Tonnes per £m),Metal ores,Undefined,Units,Tonnes of DMC per GDP (£m),9.993444322742993
2006,Domestic material consumption per GDP (Tonnes per £m),Metal ores,Undefined,Units,Tonnes of DMC per GDP (£m),10.176688271406878
2007,Domestic material consumption per GDP (Tonnes per £m),Metal ores,Undefined,Units,Tonnes of DMC per GDP (£m),11.28239031765057
2008,Domestic material consumption per GDP (Tonnes per £m),Metal ores,Undefined,Units,Tonnes of DMC per GDP (£m),8.507566163284517
2009,Domestic material consumption per GDP (Tonnes per £m),Metal ores,Undefined,Units,Tonnes of DMC per GDP (£m),3.599647298796856
2010,Domestic material consumption per GDP (Tonnes per £m),Metal ores,Undefined,Units,Tonnes of DMC per GDP (£m),5.328113876592667
2011,Domestic material consumption per GDP (Tonnes per £m),Metal ores,Undefined,Units,Tonnes of DMC per GDP (£m),4.991318262006678
2012,Domestic material consumption per GDP (Tonnes per £m),Metal ores,Undefined,Units,Tonnes of DMC per GDP (£m),5.397917164327934
2013,Domestic material consumption per GDP (Tonnes per £m),Metal ores,Undefined,Units,Tonnes of DMC per GDP (£m),6.7889854124033455
2014,Domestic material consumption per GDP (Tonnes per £m),Metal ores,Undefined,Units,Tonnes of DMC per GDP (£m),7.780890036207451
2015,Domestic material consumption per GDP (Tonnes per £m),Metal ores,Undefined,Units,Tonnes of DMC per GDP (£m),6.963512298766037
2016,Domestic material consumption per GDP (Tonnes per £m),Metal ores,Undefined,Units,Tonnes of DMC per GDP (£m),6.110916782846014
2017,Domestic material consumption per GDP (Tonnes per £m),Metal ores,Undefined,Units,Tonnes of DMC per GDP (£m),5.686605673523068
2018,Domestic material consumption per GDP (Tonnes per £m),Metal ores,Undefined,Units,Tonnes of DMC per GDP (£m),5.461020512556697
2000,Domestic material consumption per GDP (Tonnes per £m),Non-metallic minerals,Undefined,Units,Tonnes of DMC per GDP (£m),198.24219373583225
2001,Domestic material consumption per GDP (Tonnes per £m),Non-metallic minerals,Undefined,Units,Tonnes of DMC per GDP (£m),196.27594430420302
2002,Domestic material consumption per GDP (Tonnes per £m),Non-metallic minerals,Undefined,Units,Tonnes of DMC per GDP (£m),182.899104228873
2003,Domestic material consumption per GDP (Tonnes per £m),Non-metallic minerals,Undefined,Units,Tonnes of DMC per GDP (£m),173.4616045164039
2004,Domestic material consumption per GDP (Tonnes per £m),Non-metallic minerals,Undefined,Units,Tonnes of DMC per GDP (£m),176.16570876250958
2005,Domestic material consumption per GDP (Tonnes per £m),Non-metallic minerals,Undefined,Units,Tonnes of DMC per GDP (£m),164.7422021868073
2006,Domestic material consumption per GDP (Tonnes per £m),Non-metallic minerals,Undefined,Units,Tonnes of DMC per GDP (£m),159.9596839110547
2007,Domestic material consumption per GDP (Tonnes per £m),Non-metallic minerals,Undefined,Units,Tonnes of DMC per GDP (£m),159.11770508578337
2008,Domestic material consumption per GDP (Tonnes per £m),Non-metallic minerals,Undefined,Units,Tonnes of DMC per GDP (£m),141.2395303236217
2009,Domestic material consumption per GDP (Tonnes per £m),Non-metallic minerals,Undefined,Units,Tonnes of DMC per GDP (£m),118.49517222961495
2010,Domestic material consumption per GDP (Tonnes per £m),Non-metallic minerals,Undefined,Units,Tonnes of DMC per GDP (£m),114.6924809224302
2011,Domestic material consumption per GDP (Tonnes per £m),Non-metallic minerals,Undefined,Units,Tonnes of DMC per GDP (£m),111.74044522332056
2012,Domestic material consumption per GDP (Tonnes per £m),Non-metallic minerals,Undefined,Units,Tonnes of DMC per GDP (£m),102.37683020637694
2013,Domestic material consumption per GDP (Tonnes per £m),Non-metallic minerals,Undefined,Units,Tonnes of DMC per GDP (£m),106.69312942703655
2014,Domestic material consumption per GDP (Tonnes per £m),Non-metallic minerals,Undefined,Units,Tonnes of DMC per GDP (£m),111.61335922118955
2015,Domestic material consumption per GDP (Tonnes per £m),Non-metallic minerals,Undefined,Units,Tonnes of DMC per GDP (£m),107.03409740949579
2016,Domestic material consumption per GDP (Tonnes per £m),Non-metallic minerals,Undefined,Units,Tonnes of DMC per GDP (£m),110.23208474360528
2017,Domestic material consumption per GDP (Tonnes per £m),Non-metallic minerals,Undefined,Units,Tonnes of DMC per GDP (£m),108.78177327351402
2018,Domestic material consumption per GDP (Tonnes per £m),Non-metallic minerals,Undefined,Units,Tonnes of DMC per GDP (£m),109.8783592672437
2000,Domestic material consumption per GDP (Tonnes per £m),Fossil fuels,Undefined,Units,Tonnes of DMC per GDP (£m),160.02548875621255
2001,Domestic material consumption per GDP (Tonnes per £m),Fossil fuels,Undefined,Units,Tonnes of DMC per GDP (£m),156.46601951781642
2002,Domestic material consumption per GDP (Tonnes per £m),Fossil fuels,Undefined,Units,Tonnes of DMC per GDP (£m),146.14420715733127
2003,Domestic material consumption per GDP (Tonnes per £m),Fossil fuels,Undefined,Units,Tonnes of DMC per GDP (£m),149.32351120208241
2004,Domestic material consumption per GDP (Tonnes per £m),Fossil fuels,Undefined,Units,Tonnes of DMC per GDP (£m),151.7367945643342
2005,Domestic material consumption per GDP (Tonnes per £m),Fossil fuels,Undefined,Units,Tonnes of DMC per GDP (£m),145.13482534298691
2006,Domestic material consumption per GDP (Tonnes per £m),Fossil fuels,Undefined,Units,Tonnes of DMC per GDP (£m),138.30855937250556
2007,Domestic material consumption per GDP (Tonnes per £m),Fossil fuels,Undefined,Units,Tonnes of DMC per GDP (£m),131.56243456813735
2008,Domestic material consumption per GDP (Tonnes per £m),Fossil fuels,Undefined,Units,Tonnes of DMC per GDP (£m),124.72006463395951
2009,Domestic material consumption per GDP (Tonnes per £m),Fossil fuels,Undefined,Units,Tonnes of DMC per GDP (£m),120.13740842891413
2010,Domestic material consumption per GDP (Tonnes per £m),Fossil fuels,Undefined,Units,Tonnes of DMC per GDP (£m),109.15040243976105
2011,Domestic material consumption per GDP (Tonnes per £m),Fossil fuels,Undefined,Units,Tonnes of DMC per GDP (£m),107.14637971803673
2012,Domestic material consumption per GDP (Tonnes per £m),Fossil fuels,Undefined,Units,Tonnes of DMC per GDP (£m),106.39018980891998
2013,Domestic material consumption per GDP (Tonnes per £m),Fossil fuels,Undefined,Units,Tonnes of DMC per GDP (£m),98.31739756632008
2014,Domestic material consumption per GDP (Tonnes per £m),Fossil fuels,Undefined,Units,Tonnes of DMC per GDP (£m),89.21633820664907
2015,Domestic material consumption per GDP (Tonnes per £m),Fossil fuels,Undefined,Units,Tonnes of DMC per GDP (£m),82.16423551524066
2016,Domestic material consumption per GDP (Tonnes per £m),Fossil fuels,Undefined,Units,Tonnes of DMC per GDP (£m),74.68631575993321
2017,Domestic material consumption per GDP (Tonnes per £m),Fossil fuels,Undefined,Units,Tonnes of DMC per GDP (£m),71.5933827586987
2018,Domestic material consumption per GDP (Tonnes per £m),Fossil fuels,Undefined,Units,Tonnes of DMC per GDP (£m),70.12347524428608
