Year,Units,Status classification,Water body category,Country,Unit measure,Unit multiplier,Observation status,GeoCode,Value
2015,Proportion of bodies of water with good ambient water quality,,,,Percentage (%),Units,Undefined,,35.19606899
2016,Proportion of bodies of water with good ambient water quality,,,,Percentage (%),Units,Undefined,,34.87146391
2017,Proportion of bodies of water with good ambient water quality,,,,Percentage (%),Units,Undefined,,35.11507851
2018,Proportion of bodies of water with good ambient water quality,,,,Percentage (%),Units,Undefined,,35.41935484
2015,Proportion of bodies of water with good ambient water quality,High,,,Percentage (%),Units,Undefined,,4.316408132
2016,Proportion of bodies of water with good ambient water quality,High,,,Percentage (%),Units,Undefined,,4.96934495
2017,Proportion of bodies of water with good ambient water quality,High,,,Percentage (%),Units,Undefined,,4.872015487
2018,Proportion of bodies of water with good ambient water quality,High,,,Percentage (%),Units,Undefined,,4.774193548
2015,Proportion of bodies of water with good ambient water quality,Good,,,Percentage (%),Units,Undefined,,30.87966085
2016,Proportion of bodies of water with good ambient water quality,Good,,,Percentage (%),Units,Undefined,,29.90211896
2017,Proportion of bodies of water with good ambient water quality,Good,,,Percentage (%),Units,Undefined,,30.24306302
2018,Proportion of bodies of water with good ambient water quality,Good,,,Percentage (%),Units,Undefined,,30.64516129
2015,Proportion of bodies of water with good ambient water quality,,Rivers and canals,,Percentage (%),Units,Undefined,,31.47148557
2016,Proportion of bodies of water with good ambient water quality,,Rivers and canals,,Percentage (%),Units,Undefined,,31.60358433
2017,Proportion of bodies of water with good ambient water quality,,Rivers and canals,,Percentage (%),Units,Undefined,,31.48816687
2018,Proportion of bodies of water with good ambient water quality,,Rivers and canals,,Percentage (%),Units,Undefined,,31.92086619
2015,Proportion of bodies of water with good ambient water quality,High,Rivers and canals,,Percentage (%),Units,Undefined,,2.076977235
2016,Proportion of bodies of water with good ambient water quality,High,Rivers and canals,,Percentage (%),Units,Undefined,,2.40738264
2017,Proportion of bodies of water with good ambient water quality,High,Rivers and canals,,Percentage (%),Units,Undefined,,2.473592726
2018,Proportion of bodies of water with good ambient water quality,High,Rivers and canals,,Percentage (%),Units,Undefined,,2.392728245
2015,Proportion of bodies of water with good ambient water quality,Good,Rivers and canals,,Percentage (%),Units,Undefined,,29.39450833
2016,Proportion of bodies of water with good ambient water quality,Good,Rivers and canals,,Percentage (%),Units,Undefined,,29.19620169
2017,Proportion of bodies of water with good ambient water quality,Good,Rivers and canals,,Percentage (%),Units,Undefined,,29.01457414
2018,Proportion of bodies of water with good ambient water quality,Good,Rivers and canals,,Percentage (%),Units,Undefined,,29.52813795
2015,Proportion of bodies of water with good ambient water quality,,Lakes,,Percentage (%),Units,Undefined,,37.57961783
2016,Proportion of bodies of water with good ambient water quality,,Lakes,,Percentage (%),Units,Undefined,,31.08614232
2017,Proportion of bodies of water with good ambient water quality,,Lakes,,Percentage (%),Units,Undefined,,31.367041200000003
2018,Proportion of bodies of water with good ambient water quality,,Lakes,,Percentage (%),Units,Undefined,,31.55430712
2015,Proportion of bodies of water with good ambient water quality,High,Lakes,,Percentage (%),Units,Undefined,,9.463148317
2016,Proportion of bodies of water with good ambient water quality,High,Lakes,,Percentage (%),Units,Undefined,,9.925093633
2017,Proportion of bodies of water with good ambient water quality,High,Lakes,,Percentage (%),Units,Undefined,,10.11235955
2018,Proportion of bodies of water with good ambient water quality,High,Lakes,,Percentage (%),Units,Undefined,,10.01872659
2015,Proportion of bodies of water with good ambient water quality,Good,Lakes,,Percentage (%),Units,Undefined,,28.11646952
2016,Proportion of bodies of water with good ambient water quality,Good,Lakes,,Percentage (%),Units,Undefined,,21.16104869
2017,Proportion of bodies of water with good ambient water quality,Good,Lakes,,Percentage (%),Units,Undefined,,21.25468165
2018,Proportion of bodies of water with good ambient water quality,Good,Lakes,,Percentage (%),Units,Undefined,,21.53558052
2015,Proportion of bodies of water with good ambient water quality,,Estuaries and Coastal,,Percentage (%),Units,Undefined,,73.61477573
2016,Proportion of bodies of water with good ambient water quality,,Estuaries and Coastal,,Percentage (%),Units,Undefined,,72.7393617
2017,Proportion of bodies of water with good ambient water quality,,Estuaries and Coastal,,Percentage (%),Units,Undefined,,76.56458056
2018,Proportion of bodies of water with good ambient water quality,,Estuaries and Coastal,,Percentage (%),Units,Undefined,,75.76564581
2015,Proportion of bodies of water with good ambient water quality,High,Estuaries and Coastal,,Percentage (%),Units,Undefined,,22.03166227
2016,Proportion of bodies of water with good ambient water quality,High,Estuaries and Coastal,,Percentage (%),Units,Undefined,,23.40425532
2017,Proportion of bodies of water with good ambient water quality,High,Estuaries and Coastal,,Percentage (%),Units,Undefined,,21.30492676
2018,Proportion of bodies of water with good ambient water quality,High,Estuaries and Coastal,,Percentage (%),Units,Undefined,,21.03861518
2015,Proportion of bodies of water with good ambient water quality,Good,Estuaries and Coastal,,Percentage (%),Units,Undefined,,51.58311346
2016,Proportion of bodies of water with good ambient water quality,Good,Estuaries and Coastal,,Percentage (%),Units,Undefined,,49.33510638
2017,Proportion of bodies of water with good ambient water quality,Good,Estuaries and Coastal,,Percentage (%),Units,Undefined,,55.25965379
2018,Proportion of bodies of water with good ambient water quality,Good,Estuaries and Coastal,,Percentage (%),Units,Undefined,,54.72703063
2018,Proportion of bodies of water with good ambient water quality,,,England,Percentage (%),Units,Undefined,E92000001,16.0
2018,Proportion of bodies of water with good ambient water quality,High,,England,Percentage (%),Units,Undefined,E92000001,0.0
2018,Proportion of bodies of water with good ambient water quality,Good,,England,Percentage (%),Units,Undefined,E92000001,16.0
2018,Proportion of bodies of water with good ambient water quality,,Rivers and canals,England,Percentage (%),Units,Undefined,E92000001,15.0
2018,Proportion of bodies of water with good ambient water quality,High,Rivers and canals,England,Percentage (%),Units,Undefined,E92000001,0.0
2018,Proportion of bodies of water with good ambient water quality,Good,Rivers and canals,England,Percentage (%),Units,Undefined,E92000001,15.0
2018,Proportion of bodies of water with good ambient water quality,,Lakes,England,Percentage (%),Units,Undefined,E92000001,16.0
2018,Proportion of bodies of water with good ambient water quality,High,Lakes,England,Percentage (%),Units,Undefined,E92000001,0.0
2018,Proportion of bodies of water with good ambient water quality,Good,Lakes,England,Percentage (%),Units,Undefined,E92000001,16.0
2018,Proportion of bodies of water with good ambient water quality,,Estuaries and Coastal,England,Percentage (%),Units,Undefined,E92000001,29.0
2018,Proportion of bodies of water with good ambient water quality,High,Estuaries and Coastal,England,Percentage (%),Units,Undefined,E92000001,1.0
2018,Proportion of bodies of water with good ambient water quality,Good,Estuaries and Coastal,England,Percentage (%),Units,Undefined,E92000001,28.0
2018,Proportion of bodies of water with good ambient water quality,,,Scotland,Percentage (%),Units,Undefined,S92000003,62.0
2018,Proportion of bodies of water with good ambient water quality,High,,Scotland,Percentage (%),Units,Undefined,S92000003,13.0
2018,Proportion of bodies of water with good ambient water quality,Good,,Scotland,Percentage (%),Units,Undefined,S92000003,49.0
2018,Proportion of bodies of water with good ambient water quality,,Rivers and canals,Scotland,Percentage (%),Units,Undefined,S92000003,55.0
2018,Proportion of bodies of water with good ambient water quality,High,Rivers and canals,Scotland,Percentage (%),Units,Undefined,S92000003,7.0
2018,Proportion of bodies of water with good ambient water quality,Good,Rivers and canals,Scotland,Percentage (%),Units,Undefined,S92000003,48.0
2018,Proportion of bodies of water with good ambient water quality,,Lakes,Scotland,Percentage (%),Units,Undefined,S92000003,62.0
2018,Proportion of bodies of water with good ambient water quality,High,Lakes,Scotland,Percentage (%),Units,Undefined,S92000003,31.0
2018,Proportion of bodies of water with good ambient water quality,Good,Lakes,Scotland,Percentage (%),Units,Undefined,S92000003,31.0
2018,Proportion of bodies of water with good ambient water quality,,Estuaries and Coastal,Scotland,Percentage (%),Units,Undefined,S92000003,99.0
2018,Proportion of bodies of water with good ambient water quality,High,Estuaries and Coastal,Scotland,Percentage (%),Units,Undefined,S92000003,31.0
2018,Proportion of bodies of water with good ambient water quality,Good,Estuaries and Coastal,Scotland,Percentage (%),Units,Undefined,S92000003,68.0
2018,Proportion of bodies of water with good ambient water quality,,,Wales,Percentage (%),Units,Undefined,W92000004,40.0
2018,Proportion of bodies of water with good ambient water quality,High,,Wales,Percentage (%),Units,Undefined,W92000004,0.0
2018,Proportion of bodies of water with good ambient water quality,Good,,Wales,Percentage (%),Units,Undefined,W92000004,40.0
2018,Proportion of bodies of water with good ambient water quality,,Rivers and canals,Wales,Percentage (%),Units,Undefined,W92000004,44.0
2018,Proportion of bodies of water with good ambient water quality,High,Rivers and canals,Wales,Percentage (%),Units,Undefined,W92000004,0.0
2018,Proportion of bodies of water with good ambient water quality,Good,Rivers and canals,Wales,Percentage (%),Units,Undefined,W92000004,44.0
2018,Proportion of bodies of water with good ambient water quality,,Lakes,Wales,Percentage (%),Units,Undefined,W92000004,20.0
2018,Proportion of bodies of water with good ambient water quality,High,Lakes,Wales,Percentage (%),Units,Undefined,W92000004,1.0
2018,Proportion of bodies of water with good ambient water quality,Good,Lakes,Wales,Percentage (%),Units,Undefined,W92000004,19.0
2018,Proportion of bodies of water with good ambient water quality,,Estuaries and Coastal,Wales,Percentage (%),Units,Undefined,W92000004,24.0
2018,Proportion of bodies of water with good ambient water quality,High,Estuaries and Coastal,Wales,Percentage (%),Units,Undefined,W92000004,2.0
2018,Proportion of bodies of water with good ambient water quality,Good,Estuaries and Coastal,Wales,Percentage (%),Units,Undefined,W92000004,22.0
2018,Proportion of bodies of water with good ambient water quality,,,Northern Ireland,Percentage (%),Units,Undefined,N92000002,31.0
2018,Proportion of bodies of water with good ambient water quality,High,,Northern Ireland,Percentage (%),Units,Undefined,N92000002,0.0
2018,Proportion of bodies of water with good ambient water quality,Good,,Northern Ireland,Percentage (%),Units,Undefined,N92000002,31.0
2018,Proportion of bodies of water with good ambient water quality,,Rivers and canals,Northern Ireland,Percentage (%),Units,Undefined,N92000002,31.0
2018,Proportion of bodies of water with good ambient water quality,High,Rivers and canals,Northern Ireland,Percentage (%),Units,Undefined,N92000002,0.0
2018,Proportion of bodies of water with good ambient water quality,Good,Rivers and canals,Northern Ireland,Percentage (%),Units,Undefined,N92000002,31.0
2018,Proportion of bodies of water with good ambient water quality,,Lakes,Northern Ireland,Percentage (%),Units,Undefined,N92000002,24.0
2018,Proportion of bodies of water with good ambient water quality,High,Lakes,Northern Ireland,Percentage (%),Units,Undefined,N92000002,0.0
2018,Proportion of bodies of water with good ambient water quality,Good,Lakes,Northern Ireland,Percentage (%),Units,Undefined,N92000002,24.0
2018,Proportion of bodies of water with good ambient water quality,,Estuaries and Coastal,Northern Ireland,Percentage (%),Units,Undefined,N92000002,40.0
2018,Proportion of bodies of water with good ambient water quality,High,Estuaries and Coastal,Northern Ireland,Percentage (%),Units,Undefined,N92000002,0.0
2018,Proportion of bodies of water with good ambient water quality,Good,Estuaries and Coastal,Northern Ireland,Percentage (%),Units,Undefined,N92000002,40.0
